company,year,revenue_bn,operating_income_bn,net_income_bn,operating_margin
Alphabet,2015,74.989,19.36,16.348,0.25817119844243824
Alphabet,2016,90.272,23.716,19.478,0.26271712158808935
Alphabet,2017,110.855,26.178,12.662,0.23614631726128726
Alphabet,2018,136.819,27.524,30.736,0.20117089000796673
Alphabet,2019,161.857,34.231,34.343,0.2114891540063142
Alphabet,2020,182.527,41.224,40.269,0.22585151785763202
Alphabet,2021,257.637,78.714,76.033,0.3055228868524319
Alphabet,2022,282.836,74.842,59.972,0.2646127084246701
Alphabet,2023,307.394,84.293,73.795,0.27421810445226646
Alphabet,2024,350.018,112.39,100.118,0.32109777211457696
Alphabet,2025,402.837,129.039,132.17,0.3203255907476225
Amazon,2015,107.007,2.233,0.596,0.02086779369573953
Amazon,2016,135.987,4.186,2.371,0.030782354195621642
Amazon,2017,177.866,4.107,3.033,0.023090416380870993
Amazon,2018,232.887,12.42,10.073,0.05333058521944119
Amazon,2019,280.522,14.54,11.588,0.05183194187978127
Amazon,2020,386.064,22.899,21.331,0.05931399975133657
Amazon,2021,469.822,24.879,33.364,0.052954097509269465
Amazon,2022,513.983,12.248,-2.722,0.023829581912242232
Amazon,2023,574.785,36.852,30.425,0.0641144079960333
Amazon,2024,637.959,68.593,59.248,0.1075194487420038
Amazon,2025,716.924,79.975,77.67,0.11155296795755199
Apple,2015,234.988,71.155,53.731,0.3028026963078966
Apple,2016,218.118,59.212,45.217,0.271467737646595
Apple,2017,239.176,64.259,50.525,0.2686682610295347
Apple,2018,261.612,67.97,59.431,0.259812241028699
Apple,2019,267.683,66.153,57.527,0.24713186866554843
Apple,2020,294.135,74.253,63.93,0.2524453057269621
Apple,2021,378.323,116.903,100.555,0.3090031533900926
Apple,2022,387.537,113.965,95.171,0.2940751463731205
Apple,2023,385.706,118.658,100.913,0.30763846038174153
Apple,2024,395.76,125.675,96.15,0.3175535678188801
Apple,2025,435.617,141.07,117.777,0.3238395195779779
Microsoft,2015,88.084,16.36,11.71,0.18573180146224058
Microsoft,2016,88.899,22.983,18.812,0.25852934228731483
Microsoft,2017,102.273,30.792,13.829,0.3010765304625854
Microsoft,2018,118.459,38.884,33.541,0.32824859233996573
Microsoft,2019,134.249,49.323,44.323,0.36739938472539835
Microsoft,2020,153.284,60.155,51.31,0.39244148117220323
Microsoft,2021,184.903,78.628,71.185,0.4252391794616637
Microsoft,2022,204.094,82.815,67.449,0.4057689104040295
Microsoft,2023,227.583,100.533,82.541,0.4417421336391558
Microsoft,2024,261.802,117.711,92.75,0.4496184139158601
Microsoft,2025,305.453,142.559,119.262,0.4667133732521861
NVIDIA,2015,5.01,0.749,0.614,0.14950099800399202
NVIDIA,2016,6.91,1.934,1.666,0.27988422575976846
NVIDIA,2017,9.714,3.21,3.046,0.3304508956145769
NVIDIA,2018,11.716,3.804,4.142,0.3246841925571868
NVIDIA,2019,10.918,2.846,2.795,0.2606704524638212
NVIDIA,2020,16.675,4.532,4.332,0.271784107946027
NVIDIA,2021,26.914,10.041,9.753,0.3730772088875678
NVIDIA,2022,26.974,4.224,4.368,0.1565952398606065
NVIDIA,2023,60.922,32.971,29.759,0.5412002232362694
NVIDIA,2024,130.497,81.454,72.88,0.6241829314083849
NVIDIA,2025,215.938,130.387,120.067,0.6038168363141272
