company,metric,period_start,period_end,value,is_derived,source_tag,filed_date
apple,revenue,2014-12-28,2015-03-28,58010000000,False,SalesRevenueNet,2016-10-26
apple,revenue,2015-03-29,2015-06-27,49605000000,False,SalesRevenueNet,2016-10-26
apple,revenue,2015-06-28,2015-09-26,51501000000,False,SalesRevenueNet,2016-10-26
apple,revenue,2015-09-27,2015-12-26,75872000000,False,SalesRevenueNet,2017-11-03
apple,revenue,2015-12-27,2016-03-26,50557000000,False,SalesRevenueNet,2017-11-03
apple,revenue,2016-03-27,2016-06-25,42358000000,False,SalesRevenueNet,2017-11-03
apple,revenue,2016-06-26,2016-09-24,46852000000,False,SalesRevenueNet,2017-11-03
apple,revenue,2016-09-25,2016-12-31,78351000000,False,Revenues,2018-11-05
apple,revenue,2017-01-01,2017-04-01,52896000000,False,Revenues,2018-11-05
apple,revenue,2017-04-02,2017-07-01,45408000000,False,Revenues,2018-11-05
apple,revenue,2017-07-02,2017-09-30,52579000000,False,Revenues,2018-11-05
apple,revenue,2017-10-01,2017-12-30,88293000000,False,RevenueFromContractWithCustomerExcludingAssessedTax,2019-10-31
apple,revenue,2017-12-31,2018-03-31,61137000000,False,RevenueFromContractWithCustomerExcludingAssessedTax,2019-10-31
apple,revenue,2018-04-01,2018-06-30,53265000000,False,RevenueFromContractWithCustomerExcludingAssessedTax,2019-10-31
apple,revenue,2018-07-01,2018-09-29,62900000000,False,RevenueFromContractWithCustomerExcludingAssessedTax,2019-10-31
apple,revenue,2018-09-30,2018-12-29,84310000000,False,RevenueFromContractWithCustomerExcludingAssessedTax,2020-10-30
apple,revenue,2018-12-30,2019-03-30,58015000000,False,RevenueFromContractWithCustomerExcludingAssessedTax,2020-10-30
apple,revenue,2019-03-31,2019-06-29,53809000000,False,RevenueFromContractWithCustomerExcludingAssessedTax,2020-10-30
apple,revenue,2019-06-30,2019-09-28,64040000000,False,RevenueFromContractWithCustomerExcludingAssessedTax,2020-10-30
apple,revenue,2019-09-29,2019-12-28,91819000000,False,RevenueFromContractWithCustomerExcludingAssessedTax,2021-01-28
apple,revenue,2019-12-29,2020-03-28,58313000000,False,RevenueFromContractWithCustomerExcludingAssessedTax,2021-04-29
apple,revenue,2020-03-29,2020-06-27,59685000000,False,RevenueFromContractWithCustomerExcludingAssessedTax,2021-07-28
apple,revenue,2020-06-28,2020-09-26,64698000000,False,RevenueFromContractWithCustomerExcludingAssessedTax,2020-10-30
apple,revenue,2020-09-27,2020-12-26,111439000000,False,RevenueFromContractWithCustomerExcludingAssessedTax,2022-01-28
apple,revenue,2020-12-27,2021-03-27,89584000000,False,RevenueFromContractWithCustomerExcludingAssessedTax,2022-04-29
apple,revenue,2021-03-28,2021-06-26,81434000000,False,RevenueFromContractWithCustomerExcludingAssessedTax,2022-07-29
apple,revenue,2021-06-27,2021-09-25,83360000000,True,RevenueFromContractWithCustomerExcludingAssessedTax,2023-11-03
apple,revenue,2021-09-26,2021-12-25,123945000000,False,RevenueFromContractWithCustomerExcludingAssessedTax,2023-02-03
apple,revenue,2021-12-26,2022-03-26,97278000000,False,RevenueFromContractWithCustomerExcludingAssessedTax,2023-05-05
apple,revenue,2022-03-27,2022-06-25,82959000000,False,RevenueFromContractWithCustomerExcludingAssessedTax,2023-08-04
apple,revenue,2022-06-26,2022-09-24,90146000000,True,RevenueFromContractWithCustomerExcludingAssessedTax,2024-11-01
apple,revenue,2022-09-25,2022-12-31,117154000000,False,RevenueFromContractWithCustomerExcludingAssessedTax,2024-02-02
apple,revenue,2023-01-01,2023-04-01,94836000000,False,RevenueFromContractWithCustomerExcludingAssessedTax,2024-05-03
apple,revenue,2023-04-02,2023-07-01,81797000000,False,RevenueFromContractWithCustomerExcludingAssessedTax,2024-08-02
apple,revenue,2023-07-02,2023-09-30,89498000000,True,RevenueFromContractWithCustomerExcludingAssessedTax,2025-10-31
apple,revenue,2023-10-01,2023-12-30,119575000000,False,RevenueFromContractWithCustomerExcludingAssessedTax,2025-01-31
apple,revenue,2023-12-31,2024-03-30,90753000000,False,RevenueFromContractWithCustomerExcludingAssessedTax,2025-05-02
apple,revenue,2024-03-31,2024-06-29,85777000000,False,RevenueFromContractWithCustomerExcludingAssessedTax,2025-08-01
apple,revenue,2024-06-30,2024-09-28,94930000000,True,RevenueFromContractWithCustomerExcludingAssessedTax,2025-10-31
apple,revenue,2024-09-29,2024-12-28,124300000000,False,RevenueFromContractWithCustomerExcludingAssessedTax,2026-01-30
apple,revenue,2024-12-29,2025-03-29,95359000000,False,RevenueFromContractWithCustomerExcludingAssessedTax,2026-05-01
apple,revenue,2025-03-30,2025-06-28,94036000000,False,RevenueFromContractWithCustomerExcludingAssessedTax,2026-07-31
apple,revenue,2025-06-29,2025-09-27,102466000000,True,RevenueFromContractWithCustomerExcludingAssessedTax,2025-10-31
apple,revenue,2025-09-28,2025-12-27,143756000000,False,RevenueFromContractWithCustomerExcludingAssessedTax,2026-01-30
apple,revenue,2025-12-28,2026-03-28,111184000000,False,RevenueFromContractWithCustomerExcludingAssessedTax,2026-05-01
apple,revenue,2026-03-29,2026-06-27,109417000000,False,RevenueFromContractWithCustomerExcludingAssessedTax,2026-07-31
apple,operating_income,2014-12-28,2015-03-28,18278000000,False,OperatingIncomeLoss,2016-04-27
apple,operating_income,2015-03-29,2015-06-27,14083000000,False,OperatingIncomeLoss,2016-07-27
apple,operating_income,2015-06-28,2015-09-26,14623000000,True,OperatingIncomeLoss,2017-11-03
apple,operating_income,2015-09-27,2015-12-26,24171000000,False,OperatingIncomeLoss,2017-02-01
apple,operating_income,2015-12-27,2016-03-26,13987000000,False,OperatingIncomeLoss,2017-05-03
apple,operating_income,2016-03-27,2016-06-25,10105000000,False,OperatingIncomeLoss,2017-08-02
apple,operating_income,2016-06-26,2016-09-24,11761000000,True,OperatingIncomeLoss,2018-11-05
apple,operating_income,2016-09-25,2016-12-31,23359000000,False,OperatingIncomeLoss,2018-02-02
apple,operating_income,2017-01-01,2017-04-01,14097000000,False,OperatingIncomeLoss,2018-05-02
apple,operating_income,2017-04-02,2017-07-01,10768000000,False,OperatingIncomeLoss,2018-08-01
apple,operating_income,2017-07-02,2017-09-30,13120000000,True,OperatingIncomeLoss,2019-10-31
apple,operating_income,2017-10-01,2017-12-30,26274000000,False,OperatingIncomeLoss,2019-01-30
apple,operating_income,2017-12-31,2018-03-31,15894000000,False,OperatingIncomeLoss,2019-05-01
apple,operating_income,2018-04-01,2018-06-30,12612000000,False,OperatingIncomeLoss,2019-07-31
apple,operating_income,2018-07-01,2018-09-29,16118000000,True,OperatingIncomeLoss,2020-10-30
apple,operating_income,2018-09-30,2018-12-29,23346000000,False,OperatingIncomeLoss,2020-01-29
apple,operating_income,2018-12-30,2019-03-30,13415000000,False,OperatingIncomeLoss,2020-05-01
apple,operating_income,2019-03-31,2019-06-29,11544000000,False,OperatingIncomeLoss,2020-07-31
apple,operating_income,2019-06-30,2019-09-28,15625000000,True,OperatingIncomeLoss,2021-10-29
apple,operating_income,2019-09-29,2019-12-28,25569000000,False,OperatingIncomeLoss,2021-01-28
apple,operating_income,2019-12-29,2020-03-28,12853000000,False,OperatingIncomeLoss,2021-04-29
apple,operating_income,2020-03-29,2020-06-27,13091000000,False,OperatingIncomeLoss,2021-07-28
apple,operating_income,2020-06-28,2020-09-26,14775000000,True,OperatingIncomeLoss,2022-10-28
apple,operating_income,2020-09-27,2020-12-26,33534000000,False,OperatingIncomeLoss,2022-01-28
apple,operating_income,2020-12-27,2021-03-27,27503000000,False,OperatingIncomeLoss,2022-04-29
apple,operating_income,2021-03-28,2021-06-26,24126000000,False,OperatingIncomeLoss,2022-07-29
apple,operating_income,2021-06-27,2021-09-25,23786000000,True,OperatingIncomeLoss,2023-11-03
apple,operating_income,2021-09-26,2021-12-25,41488000000,False,OperatingIncomeLoss,2023-02-03
apple,operating_income,2021-12-26,2022-03-26,29979000000,False,OperatingIncomeLoss,2023-05-05
apple,operating_income,2022-03-27,2022-06-25,23076000000,False,OperatingIncomeLoss,2023-08-04
apple,operating_income,2022-06-26,2022-09-24,24894000000,True,OperatingIncomeLoss,2024-11-01
apple,operating_income,2022-09-25,2022-12-31,36016000000,False,OperatingIncomeLoss,2024-02-02
apple,operating_income,2023-01-01,2023-04-01,28318000000,False,OperatingIncomeLoss,2024-05-03
apple,operating_income,2023-04-02,2023-07-01,22998000000,False,OperatingIncomeLoss,2024-08-02
apple,operating_income,2023-07-02,2023-09-30,26969000000,True,OperatingIncomeLoss,2025-10-31
apple,operating_income,2023-10-01,2023-12-30,40373000000,False,OperatingIncomeLoss,2025-01-31
apple,operating_income,2023-12-31,2024-03-30,27900000000,False,OperatingIncomeLoss,2025-05-02
apple,operating_income,2024-03-31,2024-06-29,25352000000,False,OperatingIncomeLoss,2025-08-01
apple,operating_income,2024-06-30,2024-09-28,29591000000,True,OperatingIncomeLoss,2025-10-31
apple,operating_income,2024-09-29,2024-12-28,42832000000,False,OperatingIncomeLoss,2026-01-30
apple,operating_income,2024-12-29,2025-03-29,29589000000,False,OperatingIncomeLoss,2026-05-01
apple,operating_income,2025-03-30,2025-06-28,28202000000,False,OperatingIncomeLoss,2026-07-31
apple,operating_income,2025-06-29,2025-09-27,32427000000,True,OperatingIncomeLoss,2025-10-31
apple,operating_income,2025-09-28,2025-12-27,50852000000,False,OperatingIncomeLoss,2026-01-30
apple,operating_income,2025-12-28,2026-03-28,35885000000,False,OperatingIncomeLoss,2026-05-01
apple,operating_income,2026-03-29,2026-06-27,35695000000,False,OperatingIncomeLoss,2026-07-31
apple,net_income,2014-12-28,2015-03-28,13569000000,False,NetIncomeLoss,2016-10-26
apple,net_income,2015-03-29,2015-06-27,10677000000,False,NetIncomeLoss,2016-10-26
apple,net_income,2015-06-28,2015-09-26,11124000000,False,NetIncomeLoss,2016-10-26
apple,net_income,2015-09-27,2015-12-26,18361000000,False,NetIncomeLoss,2017-11-03
apple,net_income,2015-12-27,2016-03-26,10516000000,False,NetIncomeLoss,2017-11-03
apple,net_income,2016-03-27,2016-06-25,7796000000,False,NetIncomeLoss,2017-11-03
apple,net_income,2016-06-26,2016-09-24,9014000000,False,NetIncomeLoss,2017-11-03
apple,net_income,2016-09-25,2016-12-31,17891000000,False,NetIncomeLoss,2018-11-05
apple,net_income,2017-01-01,2017-04-01,11029000000,False,NetIncomeLoss,2018-11-05
apple,net_income,2017-04-02,2017-07-01,8717000000,False,NetIncomeLoss,2018-11-05
apple,net_income,2017-07-02,2017-09-30,10714000000,False,NetIncomeLoss,2018-11-05
apple,net_income,2017-10-01,2017-12-30,20065000000,False,NetIncomeLoss,2019-10-31
apple,net_income,2017-12-31,2018-03-31,13822000000,False,NetIncomeLoss,2019-10-31
apple,net_income,2018-04-01,2018-06-30,11519000000,False,NetIncomeLoss,2019-10-31
apple,net_income,2018-07-01,2018-09-29,14125000000,False,NetIncomeLoss,2019-10-31
apple,net_income,2018-09-30,2018-12-29,19965000000,False,NetIncomeLoss,2020-10-30
apple,net_income,2018-12-30,2019-03-30,11561000000,False,NetIncomeLoss,2020-10-30
apple,net_income,2019-03-31,2019-06-29,10044000000,False,NetIncomeLoss,2020-10-30
apple,net_income,2019-06-30,2019-09-28,13686000000,False,NetIncomeLoss,2020-10-30
apple,net_income,2019-09-29,2019-12-28,22236000000,False,NetIncomeLoss,2021-01-28
apple,net_income,2019-12-29,2020-03-28,11249000000,False,NetIncomeLoss,2021-04-29
apple,net_income,2020-03-29,2020-06-27,11253000000,False,NetIncomeLoss,2021-07-28
apple,net_income,2020-06-28,2020-09-26,12673000000,False,NetIncomeLoss,2020-10-30
apple,net_income,2020-09-27,2020-12-26,28755000000,False,NetIncomeLoss,2022-01-28
apple,net_income,2020-12-27,2021-03-27,23630000000,False,NetIncomeLoss,2022-04-29
apple,net_income,2021-03-28,2021-06-26,21744000000,False,NetIncomeLoss,2022-07-29
apple,net_income,2021-06-27,2021-09-25,20551000000,True,NetIncomeLoss,2023-11-03
apple,net_income,2021-09-26,2021-12-25,34630000000,False,NetIncomeLoss,2023-02-03
apple,net_income,2021-12-26,2022-03-26,25010000000,False,NetIncomeLoss,2023-05-05
apple,net_income,2022-03-27,2022-06-25,19442000000,False,NetIncomeLoss,2023-08-04
apple,net_income,2022-06-26,2022-09-24,20721000000,True,NetIncomeLoss,2024-11-01
apple,net_income,2022-09-25,2022-12-31,29998000000,False,NetIncomeLoss,2024-02-02
apple,net_income,2023-01-01,2023-04-01,24160000000,False,NetIncomeLoss,2024-05-03
apple,net_income,2023-04-02,2023-07-01,19881000000,False,NetIncomeLoss,2024-08-02
apple,net_income,2023-07-02,2023-09-30,22956000000,True,NetIncomeLoss,2025-10-31
apple,net_income,2023-10-01,2023-12-30,33916000000,False,NetIncomeLoss,2025-01-31
apple,net_income,2023-12-31,2024-03-30,23636000000,False,NetIncomeLoss,2025-05-02
apple,net_income,2024-03-31,2024-06-29,21448000000,False,NetIncomeLoss,2025-08-01
apple,net_income,2024-06-30,2024-09-28,14736000000,True,NetIncomeLoss,2025-10-31
apple,net_income,2024-09-29,2024-12-28,36330000000,False,NetIncomeLoss,2026-01-30
apple,net_income,2024-12-29,2025-03-29,24780000000,False,NetIncomeLoss,2026-05-01
apple,net_income,2025-03-30,2025-06-28,23434000000,False,NetIncomeLoss,2026-07-31
apple,net_income,2025-06-29,2025-09-27,27466000000,True,NetIncomeLoss,2025-10-31
apple,net_income,2025-09-28,2025-12-27,42097000000,False,NetIncomeLoss,2026-01-30
apple,net_income,2025-12-28,2026-03-28,29578000000,False,NetIncomeLoss,2026-05-01
apple,net_income,2026-03-29,2026-06-27,29789000000,False,NetIncomeLoss,2026-07-31
microsoft,revenue,2015-01-01,2015-03-31,21729000000,False,SalesRevenueNet,2016-07-28
microsoft,revenue,2015-04-01,2015-06-30,22180000000,False,SalesRevenueNet,2016-07-28
microsoft,revenue,2015-07-01,2015-09-30,20379000000,False,SalesRevenueNet,2017-08-02
microsoft,revenue,2015-10-01,2015-12-31,23796000000,False,SalesRevenueNet,2017-08-02
microsoft,revenue,2016-01-01,2016-03-31,20531000000,False,SalesRevenueNet,2017-08-02
microsoft,revenue,2016-04-01,2016-06-30,20614000000,False,SalesRevenueNet,2017-08-02
microsoft,revenue,2016-07-02,2016-09-30,21928000000,False,RevenueFromContractWithCustomerExcludingAssessedTax,2018-08-03
microsoft,revenue,2016-10-01,2016-12-31,25826000000,False,RevenueFromContractWithCustomerExcludingAssessedTax,2018-08-03
microsoft,revenue,2017-01-01,2017-03-31,23212000000,False,RevenueFromContractWithCustomerExcludingAssessedTax,2018-08-03
microsoft,revenue,2017-04-01,2017-06-30,25605000000,False,RevenueFromContractWithCustomerExcludingAssessedTax,2018-08-03
microsoft,revenue,2017-07-01,2017-09-30,24538000000,False,RevenueFromContractWithCustomerExcludingAssessedTax,2019-08-01
microsoft,revenue,2017-10-01,2017-12-31,28918000000,False,RevenueFromContractWithCustomerExcludingAssessedTax,2019-08-01
microsoft,revenue,2018-01-01,2018-03-31,26819000000,False,RevenueFromContractWithCustomerExcludingAssessedTax,2019-08-01
microsoft,revenue,2018-04-01,2018-06-30,30085000000,False,RevenueFromContractWithCustomerExcludingAssessedTax,2019-08-01
microsoft,revenue,2018-07-01,2018-09-30,29084000000,False,RevenueFromContractWithCustomerExcludingAssessedTax,2020-07-30
microsoft,revenue,2018-10-01,2018-12-31,32471000000,False,RevenueFromContractWithCustomerExcludingAssessedTax,2020-07-30
microsoft,revenue,2019-01-01,2019-03-31,30571000000,False,RevenueFromContractWithCustomerExcludingAssessedTax,2020-07-30
microsoft,revenue,2019-04-01,2019-06-30,33717000000,False,RevenueFromContractWithCustomerExcludingAssessedTax,2020-07-30
microsoft,revenue,2019-07-01,2019-09-30,33055000000,False,RevenueFromContractWithCustomerExcludingAssessedTax,2020-10-27
microsoft,revenue,2019-10-01,2019-12-31,36906000000,False,RevenueFromContractWithCustomerExcludingAssessedTax,2021-01-26
microsoft,revenue,2020-01-01,2020-03-31,35021000000,False,RevenueFromContractWithCustomerExcludingAssessedTax,2021-04-27
microsoft,revenue,2020-04-01,2020-06-30,38033000000,False,RevenueFromContractWithCustomerExcludingAssessedTax,2020-07-30
microsoft,revenue,2020-07-01,2020-09-30,37154000000,False,RevenueFromContractWithCustomerExcludingAssessedTax,2021-10-26
microsoft,revenue,2020-10-01,2020-12-31,43076000000,False,RevenueFromContractWithCustomerExcludingAssessedTax,2022-01-25
microsoft,revenue,2021-01-01,2021-03-31,41706000000,False,RevenueFromContractWithCustomerExcludingAssessedTax,2022-04-26
microsoft,revenue,2021-04-01,2021-06-30,46152000000,True,RevenueFromContractWithCustomerExcludingAssessedTax,2023-07-27
microsoft,revenue,2021-07-01,2021-09-30,45317000000,False,RevenueFromContractWithCustomerExcludingAssessedTax,2022-10-25
microsoft,revenue,2021-10-01,2021-12-31,51728000000,False,RevenueFromContractWithCustomerExcludingAssessedTax,2023-01-24
microsoft,revenue,2022-01-01,2022-03-31,49360000000,False,RevenueFromContractWithCustomerExcludingAssessedTax,2023-04-25
microsoft,revenue,2022-04-01,2022-06-30,51865000000,True,RevenueFromContractWithCustomerExcludingAssessedTax,2024-07-30
microsoft,revenue,2022-07-01,2022-09-30,50122000000,False,RevenueFromContractWithCustomerExcludingAssessedTax,2023-10-24
microsoft,revenue,2022-10-01,2022-12-31,52747000000,False,RevenueFromContractWithCustomerExcludingAssessedTax,2024-01-30
microsoft,revenue,2023-01-01,2023-03-31,52857000000,False,RevenueFromContractWithCustomerExcludingAssessedTax,2024-04-25
microsoft,revenue,2023-04-01,2023-06-30,56189000000,True,RevenueFromContractWithCustomerExcludingAssessedTax,2025-07-30
microsoft,revenue,2023-07-01,2023-09-30,56517000000,False,RevenueFromContractWithCustomerExcludingAssessedTax,2024-10-30
microsoft,revenue,2023-10-01,2023-12-31,62020000000,False,RevenueFromContractWithCustomerExcludingAssessedTax,2025-01-29
microsoft,revenue,2024-01-01,2024-03-31,61858000000,False,RevenueFromContractWithCustomerExcludingAssessedTax,2025-04-30
microsoft,revenue,2024-04-01,2024-06-30,64727000000,True,RevenueFromContractWithCustomerExcludingAssessedTax,2026-07-29
microsoft,revenue,2024-07-01,2024-09-30,65585000000,False,RevenueFromContractWithCustomerExcludingAssessedTax,2025-10-29
microsoft,revenue,2024-10-01,2024-12-31,69632000000,False,RevenueFromContractWithCustomerExcludingAssessedTax,2026-01-28
microsoft,revenue,2025-01-01,2025-03-31,70066000000,False,RevenueFromContractWithCustomerExcludingAssessedTax,2026-04-29
microsoft,revenue,2025-04-01,2025-06-30,76441000000,True,RevenueFromContractWithCustomerExcludingAssessedTax,2026-07-29
microsoft,revenue,2025-07-01,2025-09-30,77673000000,False,RevenueFromContractWithCustomerExcludingAssessedTax,2025-10-29
microsoft,revenue,2025-10-01,2025-12-31,81273000000,False,RevenueFromContractWithCustomerExcludingAssessedTax,2026-01-28
microsoft,revenue,2026-01-01,2026-03-31,82886000000,False,RevenueFromContractWithCustomerExcludingAssessedTax,2026-04-29
microsoft,revenue,2026-04-01,2026-06-30,90007000000,True,RevenueFromContractWithCustomerExcludingAssessedTax,2026-07-29
microsoft,operating_income,2015-01-01,2015-03-31,6594000000,False,OperatingIncomeLoss,2016-07-28
microsoft,operating_income,2015-04-01,2015-06-30,-2053000000,False,OperatingIncomeLoss,2016-07-28
microsoft,operating_income,2015-07-01,2015-09-30,5793000000,False,OperatingIncomeLoss,2017-08-02
microsoft,operating_income,2015-10-01,2015-12-31,6026000000,False,OperatingIncomeLoss,2017-08-02
microsoft,operating_income,2016-01-01,2016-03-31,5283000000,False,OperatingIncomeLoss,2017-08-02
microsoft,operating_income,2016-04-01,2016-06-30,3080000000,False,OperatingIncomeLoss,2017-08-02
microsoft,operating_income,2016-07-02,2016-09-30,6715000000,False,OperatingIncomeLoss,2018-08-03
microsoft,operating_income,2016-10-01,2016-12-31,7905000000,False,OperatingIncomeLoss,2018-08-03
microsoft,operating_income,2017-01-01,2017-03-31,6723000000,False,OperatingIncomeLoss,2018-08-03
microsoft,operating_income,2017-04-01,2017-06-30,7682000000,False,OperatingIncomeLoss,2018-08-03
microsoft,operating_income,2017-07-01,2017-09-30,7708000000,False,OperatingIncomeLoss,2019-08-01
microsoft,operating_income,2017-10-01,2017-12-31,8679000000,False,OperatingIncomeLoss,2019-08-01
microsoft,operating_income,2018-01-01,2018-03-31,8292000000,False,OperatingIncomeLoss,2019-08-01
microsoft,operating_income,2018-04-01,2018-06-30,10379000000,False,OperatingIncomeLoss,2019-08-01
microsoft,operating_income,2018-07-01,2018-09-30,9955000000,False,OperatingIncomeLoss,2020-07-30
microsoft,operating_income,2018-10-01,2018-12-31,10258000000,False,OperatingIncomeLoss,2020-07-30
microsoft,operating_income,2019-01-01,2019-03-31,10341000000,False,OperatingIncomeLoss,2020-07-30
microsoft,operating_income,2019-04-01,2019-06-30,12405000000,False,OperatingIncomeLoss,2020-07-30
microsoft,operating_income,2019-07-01,2019-09-30,12686000000,False,OperatingIncomeLoss,2020-10-27
microsoft,operating_income,2019-10-01,2019-12-31,13891000000,False,OperatingIncomeLoss,2021-01-26
microsoft,operating_income,2020-01-01,2020-03-31,12975000000,False,OperatingIncomeLoss,2021-04-27
microsoft,operating_income,2020-04-01,2020-06-30,13407000000,False,OperatingIncomeLoss,2020-07-30
microsoft,operating_income,2020-07-01,2020-09-30,15876000000,False,OperatingIncomeLoss,2021-10-26
microsoft,operating_income,2020-10-01,2020-12-31,17897000000,False,OperatingIncomeLoss,2022-01-25
microsoft,operating_income,2021-01-01,2021-03-31,17048000000,False,OperatingIncomeLoss,2022-04-26
microsoft,operating_income,2021-04-01,2021-06-30,19095000000,True,OperatingIncomeLoss,2023-07-27
microsoft,operating_income,2021-07-01,2021-09-30,20238000000,False,OperatingIncomeLoss,2022-10-25
microsoft,operating_income,2021-10-01,2021-12-31,22247000000,False,OperatingIncomeLoss,2023-01-24
microsoft,operating_income,2022-01-01,2022-03-31,20364000000,False,OperatingIncomeLoss,2023-04-25
microsoft,operating_income,2022-04-01,2022-06-30,20534000000,True,OperatingIncomeLoss,2024-07-30
microsoft,operating_income,2022-07-01,2022-09-30,21518000000,False,OperatingIncomeLoss,2023-10-24
microsoft,operating_income,2022-10-01,2022-12-31,20399000000,False,OperatingIncomeLoss,2024-01-30
microsoft,operating_income,2023-01-01,2023-03-31,22352000000,False,OperatingIncomeLoss,2024-04-25
microsoft,operating_income,2023-04-01,2023-06-30,24254000000,True,OperatingIncomeLoss,2025-07-30
microsoft,operating_income,2023-07-01,2023-09-30,26895000000,False,OperatingIncomeLoss,2024-10-30
microsoft,operating_income,2023-10-01,2023-12-31,27032000000,False,OperatingIncomeLoss,2025-01-29
microsoft,operating_income,2024-01-01,2024-03-31,27581000000,False,OperatingIncomeLoss,2025-04-30
microsoft,operating_income,2024-04-01,2024-06-30,27925000000,True,OperatingIncomeLoss,2026-07-29
microsoft,operating_income,2024-07-01,2024-09-30,30552000000,False,OperatingIncomeLoss,2025-10-29
microsoft,operating_income,2024-10-01,2024-12-31,31653000000,False,OperatingIncomeLoss,2026-01-28
microsoft,operating_income,2025-01-01,2025-03-31,32000000000,False,OperatingIncomeLoss,2026-04-29
microsoft,operating_income,2025-04-01,2025-06-30,34323000000,True,OperatingIncomeLoss,2026-07-29
microsoft,operating_income,2025-07-01,2025-09-30,37961000000,False,OperatingIncomeLoss,2025-10-29
microsoft,operating_income,2025-10-01,2025-12-31,38275000000,False,OperatingIncomeLoss,2026-01-28
microsoft,operating_income,2026-01-01,2026-03-31,38398000000,False,OperatingIncomeLoss,2026-04-29
microsoft,operating_income,2026-04-01,2026-06-30,40603000000,True,OperatingIncomeLoss,2026-07-29
microsoft,net_income,2015-01-01,2015-03-31,4985000000,False,NetIncomeLoss,2016-07-28
microsoft,net_income,2015-04-01,2015-06-30,-3195000000,False,NetIncomeLoss,2016-07-28
microsoft,net_income,2015-07-01,2015-09-30,4902000000,False,NetIncomeLoss,2017-08-02
microsoft,net_income,2015-10-01,2015-12-31,5018000000,False,NetIncomeLoss,2017-08-02
microsoft,net_income,2016-01-01,2016-03-31,3756000000,False,NetIncomeLoss,2017-08-02
microsoft,net_income,2016-04-01,2016-06-30,3122000000,False,NetIncomeLoss,2017-08-02
microsoft,net_income,2016-07-02,2016-09-30,5667000000,False,NetIncomeLoss,2018-08-03
microsoft,net_income,2016-10-01,2016-12-31,6267000000,False,NetIncomeLoss,2018-08-03
microsoft,net_income,2017-01-01,2017-03-31,5486000000,False,NetIncomeLoss,2018-08-03
microsoft,net_income,2017-04-01,2017-06-30,8069000000,False,NetIncomeLoss,2018-08-03
microsoft,net_income,2017-07-01,2017-09-30,6576000000,False,NetIncomeLoss,2019-08-01
microsoft,net_income,2017-10-01,2017-12-31,-6302000000,False,NetIncomeLoss,2019-08-01
microsoft,net_income,2018-01-01,2018-03-31,7424000000,False,NetIncomeLoss,2019-08-01
microsoft,net_income,2018-04-01,2018-06-30,8873000000,False,NetIncomeLoss,2019-08-01
microsoft,net_income,2018-07-01,2018-09-30,8824000000,False,NetIncomeLoss,2020-07-30
microsoft,net_income,2018-10-01,2018-12-31,8420000000,False,NetIncomeLoss,2020-07-30
microsoft,net_income,2019-01-01,2019-03-31,8809000000,False,NetIncomeLoss,2020-07-30
microsoft,net_income,2019-04-01,2019-06-30,13187000000,False,NetIncomeLoss,2020-07-30
microsoft,net_income,2019-07-01,2019-09-30,10678000000,False,NetIncomeLoss,2020-10-27
microsoft,net_income,2019-10-01,2019-12-31,11649000000,False,NetIncomeLoss,2021-01-26
microsoft,net_income,2020-01-01,2020-03-31,10752000000,False,NetIncomeLoss,2021-04-27
microsoft,net_income,2020-04-01,2020-06-30,11202000000,False,NetIncomeLoss,2020-07-30
microsoft,net_income,2020-07-01,2020-09-30,13893000000,False,NetIncomeLoss,2021-10-26
microsoft,net_income,2020-10-01,2020-12-31,15463000000,False,NetIncomeLoss,2022-01-25
microsoft,net_income,2021-01-01,2021-03-31,15457000000,False,NetIncomeLoss,2022-04-26
microsoft,net_income,2021-04-01,2021-06-30,16458000000,True,NetIncomeLoss,2023-07-27
microsoft,net_income,2021-07-01,2021-09-30,20505000000,False,NetIncomeLoss,2022-10-25
microsoft,net_income,2021-10-01,2021-12-31,18765000000,False,NetIncomeLoss,2023-01-24
microsoft,net_income,2022-01-01,2022-03-31,16728000000,False,NetIncomeLoss,2023-04-25
microsoft,net_income,2022-04-01,2022-06-30,16740000000,True,NetIncomeLoss,2024-07-30
microsoft,net_income,2022-07-01,2022-09-30,17556000000,False,NetIncomeLoss,2023-10-24
microsoft,net_income,2022-10-01,2022-12-31,16425000000,False,NetIncomeLoss,2024-01-30
microsoft,net_income,2023-01-01,2023-03-31,18299000000,False,NetIncomeLoss,2024-04-25
microsoft,net_income,2023-04-01,2023-06-30,20081000000,True,NetIncomeLoss,2025-07-30
microsoft,net_income,2023-07-01,2023-09-30,22291000000,False,NetIncomeLoss,2024-10-30
microsoft,net_income,2023-10-01,2023-12-31,21870000000,False,NetIncomeLoss,2025-01-29
microsoft,net_income,2024-01-01,2024-03-31,21939000000,False,NetIncomeLoss,2025-04-30
microsoft,net_income,2024-04-01,2024-06-30,22036000000,True,NetIncomeLoss,2026-07-29
microsoft,net_income,2024-07-01,2024-09-30,24667000000,False,NetIncomeLoss,2025-10-29
microsoft,net_income,2024-10-01,2024-12-31,24108000000,False,NetIncomeLoss,2026-01-28
microsoft,net_income,2025-01-01,2025-03-31,25824000000,False,NetIncomeLoss,2026-04-29
microsoft,net_income,2025-04-01,2025-06-30,27233000000,True,NetIncomeLoss,2026-07-29
microsoft,net_income,2025-07-01,2025-09-30,27747000000,False,NetIncomeLoss,2025-10-29
microsoft,net_income,2025-10-01,2025-12-31,38458000000,False,NetIncomeLoss,2026-01-28
microsoft,net_income,2026-01-01,2026-03-31,31778000000,False,NetIncomeLoss,2026-04-29
microsoft,net_income,2026-04-01,2026-06-30,35766000000,True,NetIncomeLoss,2026-07-29
alphabet,revenue,2015-01-01,2015-03-31,17258000000,False,Revenues,2016-05-03
alphabet,revenue,2015-04-01,2015-06-30,17727000000,False,Revenues,2016-08-04
alphabet,revenue,2015-07-01,2015-09-30,18675000000,False,Revenues,2016-11-03
alphabet,revenue,2015-10-01,2015-12-31,21329000000,True,Revenues,2018-02-06
alphabet,revenue,2016-01-01,2016-03-31,20257000000,False,Revenues,2017-05-02
alphabet,revenue,2016-04-01,2016-06-30,21500000000,False,Revenues,2017-07-25
alphabet,revenue,2016-07-01,2016-09-30,22451000000,False,Revenues,2017-10-27
alphabet,revenue,2016-10-01,2016-12-31,26064000000,True,RevenueFromContractWithCustomerExcludingAssessedTax,2019-02-05
alphabet,revenue,2017-01-01,2017-03-31,24750000000,False,RevenueFromContractWithCustomerExcludingAssessedTax,2018-04-24
alphabet,revenue,2017-04-01,2017-06-30,26010000000,False,RevenueFromContractWithCustomerExcludingAssessedTax,2018-07-24
alphabet,revenue,2017-07-01,2017-09-30,27772000000,False,Revenues,2018-10-26
alphabet,revenue,2017-10-01,2017-12-31,32323000000,True,RevenueFromContractWithCustomerExcludingAssessedTax,2020-02-04
alphabet,revenue,2018-01-01,2018-03-31,31146000000,False,Revenues,2019-04-30
alphabet,revenue,2018-04-01,2018-06-30,32657000000,False,RevenueFromContractWithCustomerExcludingAssessedTax,2019-07-26
alphabet,revenue,2018-07-01,2018-09-30,33740000000,False,RevenueFromContractWithCustomerExcludingAssessedTax,2019-10-29
alphabet,revenue,2018-10-01,2018-12-31,39276000000,True,Revenues,2021-02-03
alphabet,revenue,2019-01-01,2019-03-31,36339000000,False,RevenueFromContractWithCustomerExcludingAssessedTax,2020-04-29
alphabet,revenue,2019-04-01,2019-06-30,38944000000,False,RevenueFromContractWithCustomerExcludingAssessedTax,2020-07-31
alphabet,revenue,2019-07-01,2019-09-30,40499000000,False,RevenueFromContractWithCustomerExcludingAssessedTax,2020-10-30
alphabet,revenue,2019-10-01,2019-12-31,46075000000,True,Revenues,2022-02-02
alphabet,revenue,2020-01-01,2020-03-31,41159000000,False,Revenues,2021-04-28
alphabet,revenue,2020-04-01,2020-06-30,38297000000,False,RevenueFromContractWithCustomerExcludingAssessedTax,2021-07-28
alphabet,revenue,2020-07-01,2020-09-30,46173000000,False,RevenueFromContractWithCustomerExcludingAssessedTax,2021-10-27
alphabet,revenue,2020-10-01,2020-12-31,56898000000,True,RevenueFromContractWithCustomerExcludingAssessedTax,2023-02-03
alphabet,revenue,2021-01-01,2021-03-31,55314000000,False,RevenueFromContractWithCustomerExcludingAssessedTax,2022-04-27
alphabet,revenue,2021-04-01,2021-06-30,61880000000,False,RevenueFromContractWithCustomerExcludingAssessedTax,2022-07-27
alphabet,revenue,2021-07-01,2021-09-30,65118000000,False,RevenueFromContractWithCustomerExcludingAssessedTax,2022-10-26
alphabet,revenue,2021-10-01,2021-12-31,75325000000,True,RevenueFromContractWithCustomerExcludingAssessedTax,2024-01-31
alphabet,revenue,2022-01-01,2022-03-31,68011000000,False,RevenueFromContractWithCustomerExcludingAssessedTax,2023-04-26
alphabet,revenue,2022-04-01,2022-06-30,69685000000,False,RevenueFromContractWithCustomerExcludingAssessedTax,2023-07-26
alphabet,revenue,2022-07-01,2022-09-30,69092000000,False,RevenueFromContractWithCustomerExcludingAssessedTax,2023-10-25
alphabet,revenue,2022-10-01,2022-12-31,76048000000,True,RevenueFromContractWithCustomerExcludingAssessedTax,2025-02-05
alphabet,revenue,2023-01-01,2023-03-31,69787000000,False,RevenueFromContractWithCustomerExcludingAssessedTax,2024-04-26
alphabet,revenue,2023-04-01,2023-06-30,74604000000,False,RevenueFromContractWithCustomerExcludingAssessedTax,2024-07-24
alphabet,revenue,2023-07-01,2023-09-30,76693000000,False,RevenueFromContractWithCustomerExcludingAssessedTax,2024-10-30
alphabet,revenue,2023-10-01,2023-12-31,86310000000,True,Revenues,2026-02-05
alphabet,revenue,2024-01-01,2024-03-31,80539000000,False,RevenueFromContractWithCustomerExcludingAssessedTax,2025-04-25
alphabet,revenue,2024-04-01,2024-06-30,84742000000,False,Revenues,2025-07-24
alphabet,revenue,2024-07-01,2024-09-30,88268000000,False,Revenues,2025-10-30
alphabet,revenue,2024-10-01,2024-12-31,96469000000,True,Revenues,2026-02-05
alphabet,revenue,2025-01-01,2025-03-31,90234000000,False,Revenues,2026-04-30
alphabet,revenue,2025-04-01,2025-06-30,96428000000,False,Revenues,2026-07-23
alphabet,revenue,2025-07-01,2025-09-30,102346000000,False,Revenues,2025-10-30
alphabet,revenue,2025-10-01,2025-12-31,113829000000,True,Revenues,2026-02-05
alphabet,revenue,2026-01-01,2026-03-31,109896000000,False,Revenues,2026-04-30
alphabet,revenue,2026-04-01,2026-06-30,119796000000,False,Revenues,2026-07-23
alphabet,operating_income,2015-01-01,2015-03-31,4447000000,False,OperatingIncomeLoss,2016-05-03
alphabet,operating_income,2015-04-01,2015-06-30,4825000000,False,OperatingIncomeLoss,2016-08-04
alphabet,operating_income,2015-07-01,2015-09-30,4708000000,False,OperatingIncomeLoss,2016-11-03
alphabet,operating_income,2015-10-01,2015-12-31,5380000000,True,OperatingIncomeLoss,2018-02-06
alphabet,operating_income,2016-01-01,2016-03-31,5342000000,False,OperatingIncomeLoss,2017-05-02
alphabet,operating_income,2016-04-01,2016-06-30,5968000000,False,OperatingIncomeLoss,2017-07-25
alphabet,operating_income,2016-07-01,2016-09-30,5767000000,False,OperatingIncomeLoss,2017-10-27
alphabet,operating_income,2016-10-01,2016-12-31,6639000000,True,OperatingIncomeLoss,2019-02-05
alphabet,operating_income,2017-01-01,2017-03-31,6568000000,False,OperatingIncomeLoss,2018-04-24
alphabet,operating_income,2017-04-01,2017-06-30,4132000000,False,OperatingIncomeLoss,2018-07-24
alphabet,operating_income,2017-07-01,2017-09-30,7782000000,False,OperatingIncomeLoss,2018-10-26
alphabet,operating_income,2017-10-01,2017-12-31,7696000000,True,OperatingIncomeLoss,2020-02-04
alphabet,operating_income,2018-01-01,2018-03-31,7633000000,False,OperatingIncomeLoss,2019-04-30
alphabet,operating_income,2018-04-01,2018-06-30,3045000000,False,OperatingIncomeLoss,2019-07-26
alphabet,operating_income,2018-07-01,2018-09-30,8625000000,False,OperatingIncomeLoss,2019-10-29
alphabet,operating_income,2018-10-01,2018-12-31,8221000000,True,OperatingIncomeLoss,2021-02-03
alphabet,operating_income,2019-01-01,2019-03-31,6608000000,False,OperatingIncomeLoss,2020-04-29
alphabet,operating_income,2019-04-01,2019-06-30,9180000000,False,OperatingIncomeLoss,2020-07-31
alphabet,operating_income,2019-07-01,2019-09-30,9177000000,False,OperatingIncomeLoss,2020-10-30
alphabet,operating_income,2019-10-01,2019-12-31,9266000000,True,OperatingIncomeLoss,2022-02-02
alphabet,operating_income,2020-01-01,2020-03-31,7977000000,False,OperatingIncomeLoss,2021-04-28
alphabet,operating_income,2020-04-01,2020-06-30,6383000000,False,OperatingIncomeLoss,2021-07-28
alphabet,operating_income,2020-07-01,2020-09-30,11213000000,False,OperatingIncomeLoss,2021-10-27
alphabet,operating_income,2020-10-01,2020-12-31,15651000000,True,OperatingIncomeLoss,2023-02-03
alphabet,operating_income,2021-01-01,2021-03-31,16437000000,False,OperatingIncomeLoss,2022-04-27
alphabet,operating_income,2021-04-01,2021-06-30,19361000000,False,OperatingIncomeLoss,2022-07-27
alphabet,operating_income,2021-07-01,2021-09-30,21031000000,False,OperatingIncomeLoss,2022-10-26
alphabet,operating_income,2021-10-01,2021-12-31,21885000000,True,OperatingIncomeLoss,2024-01-31
alphabet,operating_income,2022-01-01,2022-03-31,20094000000,False,OperatingIncomeLoss,2023-04-26
alphabet,operating_income,2022-04-01,2022-06-30,19453000000,False,OperatingIncomeLoss,2023-07-26
alphabet,operating_income,2022-07-01,2022-09-30,17135000000,False,OperatingIncomeLoss,2023-10-25
alphabet,operating_income,2022-10-01,2022-12-31,18160000000,True,OperatingIncomeLoss,2025-02-05
alphabet,operating_income,2023-01-01,2023-03-31,17415000000,False,OperatingIncomeLoss,2024-04-26
alphabet,operating_income,2023-04-01,2023-06-30,21838000000,False,OperatingIncomeLoss,2024-07-24
alphabet,operating_income,2023-07-01,2023-09-30,21343000000,False,OperatingIncomeLoss,2024-10-30
alphabet,operating_income,2023-10-01,2023-12-31,23697000000,True,OperatingIncomeLoss,2026-02-05
alphabet,operating_income,2024-01-01,2024-03-31,25472000000,False,OperatingIncomeLoss,2025-04-25
alphabet,operating_income,2024-04-01,2024-06-30,27425000000,False,OperatingIncomeLoss,2025-07-24
alphabet,operating_income,2024-07-01,2024-09-30,28521000000,False,OperatingIncomeLoss,2025-10-30
alphabet,operating_income,2024-10-01,2024-12-31,30972000000,True,OperatingIncomeLoss,2026-02-05
alphabet,operating_income,2025-01-01,2025-03-31,30606000000,False,OperatingIncomeLoss,2026-04-30
alphabet,operating_income,2025-04-01,2025-06-30,31271000000,False,OperatingIncomeLoss,2026-07-23
alphabet,operating_income,2025-07-01,2025-09-30,31228000000,False,OperatingIncomeLoss,2025-10-30
alphabet,operating_income,2025-10-01,2025-12-31,35934000000,True,OperatingIncomeLoss,2026-02-05
alphabet,operating_income,2026-01-01,2026-03-31,39696000000,False,OperatingIncomeLoss,2026-04-30
alphabet,operating_income,2026-04-01,2026-06-30,40770000000,False,OperatingIncomeLoss,2026-07-23
alphabet,net_income,2015-01-01,2015-03-31,3515000000,False,NetIncomeLoss,2016-05-03
alphabet,net_income,2015-04-01,2015-06-30,3931000000,False,NetIncomeLoss,2016-08-04
alphabet,net_income,2015-07-01,2015-09-30,3979000000,False,NetIncomeLoss,2016-11-03
alphabet,net_income,2015-10-01,2015-12-31,4923000000,True,NetIncomeLoss,2018-02-06
alphabet,net_income,2016-01-01,2016-03-31,4207000000,False,NetIncomeLoss,2017-05-02
alphabet,net_income,2016-04-01,2016-06-30,4877000000,False,NetIncomeLoss,2017-07-25
alphabet,net_income,2016-07-01,2016-09-30,5061000000,False,NetIncomeLoss,2017-10-27
alphabet,net_income,2016-10-01,2016-12-31,5333000000,True,NetIncomeLoss,2019-02-05
alphabet,net_income,2017-01-01,2017-03-31,5426000000,False,NetIncomeLoss,2018-04-24
alphabet,net_income,2017-04-01,2017-06-30,3524000000,False,NetIncomeLoss,2018-07-24
alphabet,net_income,2017-07-01,2017-09-30,6732000000,False,NetIncomeLoss,2018-10-26
alphabet,net_income,2017-10-01,2017-12-31,-3020000000,True,NetIncomeLoss,2020-02-04
alphabet,net_income,2018-01-01,2018-03-31,9401000000,False,NetIncomeLoss,2019-04-30
alphabet,net_income,2018-04-01,2018-06-30,3195000000,False,NetIncomeLoss,2019-07-26
alphabet,net_income,2018-07-01,2018-09-30,9192000000,False,NetIncomeLoss,2019-10-29
alphabet,net_income,2018-10-01,2018-12-31,8948000000,True,NetIncomeLoss,2021-02-03
alphabet,net_income,2019-01-01,2019-03-31,6657000000,False,NetIncomeLoss,2020-04-29
alphabet,net_income,2019-04-01,2019-06-30,9947000000,False,NetIncomeLoss,2020-07-31
alphabet,net_income,2019-07-01,2019-09-30,7068000000,False,NetIncomeLoss,2020-10-30
alphabet,net_income,2019-10-01,2019-12-31,10671000000,True,NetIncomeLoss,2022-02-02
alphabet,net_income,2020-01-01,2020-03-31,6836000000,False,NetIncomeLoss,2021-04-28
alphabet,net_income,2020-04-01,2020-06-30,6959000000,False,NetIncomeLoss,2021-07-28
alphabet,net_income,2020-07-01,2020-09-30,11247000000,False,NetIncomeLoss,2021-10-27
alphabet,net_income,2020-10-01,2020-12-31,15227000000,True,NetIncomeLoss,2023-02-03
alphabet,net_income,2021-01-01,2021-03-31,17930000000,False,NetIncomeLoss,2022-04-27
alphabet,net_income,2021-04-01,2021-06-30,18525000000,False,NetIncomeLoss,2022-07-27
alphabet,net_income,2021-07-01,2021-09-30,18936000000,False,NetIncomeLoss,2022-10-26
alphabet,net_income,2021-10-01,2021-12-31,20642000000,True,NetIncomeLoss,2024-01-31
alphabet,net_income,2022-01-01,2022-03-31,16436000000,False,NetIncomeLoss,2023-04-26
alphabet,net_income,2022-04-01,2022-06-30,16002000000,False,NetIncomeLoss,2023-07-26
alphabet,net_income,2022-07-01,2022-09-30,13910000000,False,NetIncomeLoss,2023-10-25
alphabet,net_income,2022-10-01,2022-12-31,13624000000,True,NetIncomeLoss,2025-02-05
alphabet,net_income,2023-01-01,2023-03-31,15051000000,False,NetIncomeLoss,2024-04-26
alphabet,net_income,2023-04-01,2023-06-30,18368000000,False,NetIncomeLoss,2024-07-24
alphabet,net_income,2023-07-01,2023-09-30,19689000000,False,NetIncomeLoss,2024-10-30
alphabet,net_income,2023-10-01,2023-12-31,20687000000,True,NetIncomeLoss,2026-02-05
alphabet,net_income,2024-01-01,2024-03-31,23662000000,False,NetIncomeLoss,2025-04-25
alphabet,net_income,2024-04-01,2024-06-30,23619000000,False,NetIncomeLoss,2025-07-24
alphabet,net_income,2024-07-01,2024-09-30,26301000000,False,NetIncomeLoss,2025-10-30
alphabet,net_income,2024-10-01,2024-12-31,26536000000,True,NetIncomeLoss,2026-02-05
alphabet,net_income,2025-01-01,2025-03-31,34540000000,False,NetIncomeLoss,2026-04-30
alphabet,net_income,2025-04-01,2025-06-30,28196000000,False,NetIncomeLoss,2026-07-23
alphabet,net_income,2025-07-01,2025-09-30,34979000000,False,NetIncomeLoss,2025-10-30
alphabet,net_income,2025-10-01,2025-12-31,34455000000,True,NetIncomeLoss,2026-02-05
alphabet,net_income,2026-01-01,2026-03-31,62578000000,False,NetIncomeLoss,2026-04-30
alphabet,net_income,2026-04-01,2026-06-30,112193000000,False,NetIncomeLoss,2026-07-23
amazon,revenue,2015-01-01,2015-03-31,22717000000,False,SalesRevenueNet,2017-02-10
amazon,revenue,2015-04-01,2015-06-30,23185000000,False,SalesRevenueNet,2017-02-10
amazon,revenue,2015-07-01,2015-09-30,25358000000,False,SalesRevenueNet,2017-02-10
amazon,revenue,2015-10-01,2015-12-31,35747000000,False,SalesRevenueNet,2017-02-10
amazon,revenue,2016-01-01,2016-03-31,29128000000,False,SalesRevenueNet,2018-02-02
amazon,revenue,2016-04-01,2016-06-30,30404000000,False,SalesRevenueNet,2018-02-02
amazon,revenue,2016-07-01,2016-09-30,32714000000,False,SalesRevenueNet,2018-02-02
amazon,revenue,2016-10-01,2016-12-31,43741000000,False,SalesRevenueNet,2018-02-02
amazon,revenue,2017-01-01,2017-03-31,35714000000,False,RevenueFromContractWithCustomerExcludingAssessedTax,2019-02-01
amazon,revenue,2017-04-01,2017-06-30,37955000000,False,RevenueFromContractWithCustomerExcludingAssessedTax,2019-02-01
amazon,revenue,2017-07-01,2017-09-30,43744000000,False,RevenueFromContractWithCustomerExcludingAssessedTax,2019-02-01
amazon,revenue,2017-10-01,2017-12-31,60453000000,False,RevenueFromContractWithCustomerExcludingAssessedTax,2019-02-01
amazon,revenue,2018-01-01,2018-03-31,51042000000,False,RevenueFromContractWithCustomerExcludingAssessedTax,2020-01-31
amazon,revenue,2018-04-01,2018-06-30,52886000000,False,RevenueFromContractWithCustomerExcludingAssessedTax,2020-01-31
amazon,revenue,2018-07-01,2018-09-30,56576000000,False,RevenueFromContractWithCustomerExcludingAssessedTax,2020-01-31
amazon,revenue,2018-10-01,2018-12-31,72383000000,False,RevenueFromContractWithCustomerExcludingAssessedTax,2020-01-31
amazon,revenue,2019-01-01,2019-03-31,59700000000,False,RevenueFromContractWithCustomerExcludingAssessedTax,2021-02-03
amazon,revenue,2019-04-01,2019-06-30,63404000000,False,RevenueFromContractWithCustomerExcludingAssessedTax,2021-02-03
amazon,revenue,2019-07-01,2019-09-30,69981000000,False,RevenueFromContractWithCustomerExcludingAssessedTax,2021-02-03
amazon,revenue,2019-10-01,2019-12-31,87437000000,False,RevenueFromContractWithCustomerExcludingAssessedTax,2021-02-03
amazon,revenue,2020-01-01,2020-03-31,75452000000,False,RevenueFromContractWithCustomerExcludingAssessedTax,2021-04-30
amazon,revenue,2020-04-01,2020-06-30,88912000000,False,RevenueFromContractWithCustomerExcludingAssessedTax,2021-07-30
amazon,revenue,2020-07-01,2020-09-30,96145000000,False,RevenueFromContractWithCustomerExcludingAssessedTax,2021-10-29
amazon,revenue,2020-10-01,2020-12-31,125555000000,False,RevenueFromContractWithCustomerExcludingAssessedTax,2021-02-03
amazon,revenue,2021-01-01,2021-03-31,108518000000,False,RevenueFromContractWithCustomerExcludingAssessedTax,2022-04-29
amazon,revenue,2021-04-01,2021-06-30,113080000000,False,RevenueFromContractWithCustomerExcludingAssessedTax,2022-07-29
amazon,revenue,2021-07-01,2021-09-30,110812000000,False,RevenueFromContractWithCustomerExcludingAssessedTax,2022-10-28
amazon,revenue,2021-10-01,2021-12-31,137412000000,True,RevenueFromContractWithCustomerExcludingAssessedTax,2024-02-02
amazon,revenue,2022-01-01,2022-03-31,116444000000,False,RevenueFromContractWithCustomerExcludingAssessedTax,2023-04-28
amazon,revenue,2022-04-01,2022-06-30,121234000000,False,RevenueFromContractWithCustomerExcludingAssessedTax,2023-08-04
amazon,revenue,2022-07-01,2022-09-30,127101000000,False,RevenueFromContractWithCustomerExcludingAssessedTax,2023-10-27
amazon,revenue,2022-10-01,2022-12-31,149204000000,True,RevenueFromContractWithCustomerExcludingAssessedTax,2025-02-07
amazon,revenue,2023-01-01,2023-03-31,127358000000,False,RevenueFromContractWithCustomerExcludingAssessedTax,2024-05-01
amazon,revenue,2023-04-01,2023-06-30,134383000000,False,RevenueFromContractWithCustomerExcludingAssessedTax,2024-08-02
amazon,revenue,2023-07-01,2023-09-30,143083000000,False,RevenueFromContractWithCustomerExcludingAssessedTax,2024-11-01
amazon,revenue,2023-10-01,2023-12-31,169961000000,True,RevenueFromContractWithCustomerExcludingAssessedTax,2026-02-06
amazon,revenue,2024-01-01,2024-03-31,143313000000,False,RevenueFromContractWithCustomerExcludingAssessedTax,2025-05-02
amazon,revenue,2024-04-01,2024-06-30,147977000000,False,RevenueFromContractWithCustomerExcludingAssessedTax,2025-08-01
amazon,revenue,2024-07-01,2024-09-30,158877000000,False,RevenueFromContractWithCustomerExcludingAssessedTax,2025-10-31
amazon,revenue,2024-10-01,2024-12-31,187792000000,True,RevenueFromContractWithCustomerExcludingAssessedTax,2026-02-06
amazon,revenue,2025-01-01,2025-03-31,155667000000,False,RevenueFromContractWithCustomerExcludingAssessedTax,2026-04-30
amazon,revenue,2025-04-01,2025-06-30,167702000000,False,RevenueFromContractWithCustomerExcludingAssessedTax,2026-07-31
amazon,revenue,2025-07-01,2025-09-30,180169000000,False,RevenueFromContractWithCustomerExcludingAssessedTax,2025-10-31
amazon,revenue,2025-10-01,2025-12-31,213386000000,True,RevenueFromContractWithCustomerExcludingAssessedTax,2026-02-06
amazon,revenue,2026-01-01,2026-03-31,181519000000,False,RevenueFromContractWithCustomerExcludingAssessedTax,2026-04-30
amazon,revenue,2026-04-01,2026-06-30,200606000000,False,RevenueFromContractWithCustomerExcludingAssessedTax,2026-07-31
amazon,operating_income,2015-01-01,2015-03-31,255000000,False,OperatingIncomeLoss,2017-02-10
amazon,operating_income,2015-04-01,2015-06-30,464000000,False,OperatingIncomeLoss,2017-02-10
amazon,operating_income,2015-07-01,2015-09-30,406000000,False,OperatingIncomeLoss,2017-02-10
amazon,operating_income,2015-10-01,2015-12-31,1108000000,False,OperatingIncomeLoss,2017-02-10
amazon,operating_income,2016-01-01,2016-03-31,1071000000,False,OperatingIncomeLoss,2018-02-02
amazon,operating_income,2016-04-01,2016-06-30,1285000000,False,OperatingIncomeLoss,2018-02-02
amazon,operating_income,2016-07-01,2016-09-30,575000000,False,OperatingIncomeLoss,2018-02-02
amazon,operating_income,2016-10-01,2016-12-31,1255000000,False,OperatingIncomeLoss,2018-02-02
amazon,operating_income,2017-01-01,2017-03-31,1005000000,False,OperatingIncomeLoss,2019-02-01
amazon,operating_income,2017-04-01,2017-06-30,628000000,False,OperatingIncomeLoss,2019-02-01
amazon,operating_income,2017-07-01,2017-09-30,347000000,False,OperatingIncomeLoss,2019-02-01
amazon,operating_income,2017-10-01,2017-12-31,2127000000,False,OperatingIncomeLoss,2019-02-01
amazon,operating_income,2018-01-01,2018-03-31,1927000000,False,OperatingIncomeLoss,2020-01-31
amazon,operating_income,2018-04-01,2018-06-30,2983000000,False,OperatingIncomeLoss,2020-01-31
amazon,operating_income,2018-07-01,2018-09-30,3724000000,False,OperatingIncomeLoss,2020-01-31
amazon,operating_income,2018-10-01,2018-12-31,3786000000,False,OperatingIncomeLoss,2020-01-31
amazon,operating_income,2019-01-01,2019-03-31,4420000000,False,OperatingIncomeLoss,2021-02-03
amazon,operating_income,2019-04-01,2019-06-30,3084000000,False,OperatingIncomeLoss,2021-02-03
amazon,operating_income,2019-07-01,2019-09-30,3157000000,False,OperatingIncomeLoss,2021-02-03
amazon,operating_income,2019-10-01,2019-12-31,3879000000,False,OperatingIncomeLoss,2021-02-03
amazon,operating_income,2020-01-01,2020-03-31,3989000000,False,OperatingIncomeLoss,2021-04-30
amazon,operating_income,2020-04-01,2020-06-30,5843000000,False,OperatingIncomeLoss,2021-07-30
amazon,operating_income,2020-07-01,2020-09-30,6194000000,False,OperatingIncomeLoss,2021-10-29
amazon,operating_income,2020-10-01,2020-12-31,6873000000,False,OperatingIncomeLoss,2021-02-03
amazon,operating_income,2021-01-01,2021-03-31,8865000000,False,OperatingIncomeLoss,2022-04-29
amazon,operating_income,2021-04-01,2021-06-30,7702000000,False,OperatingIncomeLoss,2022-07-29
amazon,operating_income,2021-07-01,2021-09-30,4852000000,False,OperatingIncomeLoss,2022-10-28
amazon,operating_income,2021-10-01,2021-12-31,3460000000,True,OperatingIncomeLoss,2024-02-02
amazon,operating_income,2022-01-01,2022-03-31,3669000000,False,OperatingIncomeLoss,2023-04-28
amazon,operating_income,2022-04-01,2022-06-30,3317000000,False,OperatingIncomeLoss,2023-08-04
amazon,operating_income,2022-07-01,2022-09-30,2525000000,False,OperatingIncomeLoss,2023-10-27
amazon,operating_income,2022-10-01,2022-12-31,2737000000,True,OperatingIncomeLoss,2025-02-07
amazon,operating_income,2023-01-01,2023-03-31,4774000000,False,OperatingIncomeLoss,2024-05-01
amazon,operating_income,2023-04-01,2023-06-30,7681000000,False,OperatingIncomeLoss,2024-08-02
amazon,operating_income,2023-07-01,2023-09-30,11188000000,False,OperatingIncomeLoss,2024-11-01
amazon,operating_income,2023-10-01,2023-12-31,13209000000,True,OperatingIncomeLoss,2026-02-06
amazon,operating_income,2024-01-01,2024-03-31,15307000000,False,OperatingIncomeLoss,2025-05-02
amazon,operating_income,2024-04-01,2024-06-30,14672000000,False,OperatingIncomeLoss,2025-08-01
amazon,operating_income,2024-07-01,2024-09-30,17411000000,False,OperatingIncomeLoss,2025-10-31
amazon,operating_income,2024-10-01,2024-12-31,21203000000,True,OperatingIncomeLoss,2026-02-06
amazon,operating_income,2025-01-01,2025-03-31,18405000000,False,OperatingIncomeLoss,2026-04-30
amazon,operating_income,2025-04-01,2025-06-30,19171000000,False,OperatingIncomeLoss,2026-07-31
amazon,operating_income,2025-07-01,2025-09-30,17422000000,False,OperatingIncomeLoss,2025-10-31
amazon,operating_income,2025-10-01,2025-12-31,24977000000,True,OperatingIncomeLoss,2026-02-06
amazon,operating_income,2026-01-01,2026-03-31,23852000000,False,OperatingIncomeLoss,2026-04-30
amazon,operating_income,2026-04-01,2026-06-30,27461000000,False,OperatingIncomeLoss,2026-07-31
amazon,net_income,2015-01-01,2015-03-31,-57000000,False,NetIncomeLoss,2017-02-10
amazon,net_income,2015-04-01,2015-06-30,92000000,False,NetIncomeLoss,2017-02-10
amazon,net_income,2015-07-01,2015-09-30,79000000,False,NetIncomeLoss,2017-02-10
amazon,net_income,2015-10-01,2015-12-31,482000000,False,NetIncomeLoss,2017-02-10
amazon,net_income,2016-01-01,2016-03-31,513000000,False,NetIncomeLoss,2018-02-02
amazon,net_income,2016-04-01,2016-06-30,857000000,False,NetIncomeLoss,2018-02-02
amazon,net_income,2016-07-01,2016-09-30,252000000,False,NetIncomeLoss,2018-02-02
amazon,net_income,2016-10-01,2016-12-31,749000000,False,NetIncomeLoss,2018-02-02
amazon,net_income,2017-01-01,2017-03-31,724000000,False,NetIncomeLoss,2019-02-01
amazon,net_income,2017-04-01,2017-06-30,197000000,False,NetIncomeLoss,2019-02-01
amazon,net_income,2017-07-01,2017-09-30,256000000,False,NetIncomeLoss,2019-02-01
amazon,net_income,2017-10-01,2017-12-31,1856000000,False,NetIncomeLoss,2019-02-01
amazon,net_income,2018-01-01,2018-03-31,1629000000,False,NetIncomeLoss,2020-01-31
amazon,net_income,2018-04-01,2018-06-30,2534000000,False,NetIncomeLoss,2020-01-31
amazon,net_income,2018-07-01,2018-09-30,2883000000,False,NetIncomeLoss,2020-01-31
amazon,net_income,2018-10-01,2018-12-31,3027000000,False,NetIncomeLoss,2020-01-31
amazon,net_income,2019-01-01,2019-03-31,3561000000,False,NetIncomeLoss,2021-02-03
amazon,net_income,2019-04-01,2019-06-30,2625000000,False,NetIncomeLoss,2021-02-03
amazon,net_income,2019-07-01,2019-09-30,2134000000,False,NetIncomeLoss,2021-02-03
amazon,net_income,2019-10-01,2019-12-31,3268000000,False,NetIncomeLoss,2021-02-03
amazon,net_income,2020-01-01,2020-03-31,2535000000,False,NetIncomeLoss,2021-04-30
amazon,net_income,2020-04-01,2020-06-30,5243000000,False,NetIncomeLoss,2021-07-30
amazon,net_income,2020-07-01,2020-09-30,6331000000,False,NetIncomeLoss,2021-10-29
amazon,net_income,2020-10-01,2020-12-31,7222000000,False,NetIncomeLoss,2021-02-03
amazon,net_income,2021-01-01,2021-03-31,8107000000,False,NetIncomeLoss,2022-04-29
amazon,net_income,2021-04-01,2021-06-30,7778000000,False,NetIncomeLoss,2022-07-29
amazon,net_income,2021-07-01,2021-09-30,3156000000,False,NetIncomeLoss,2022-10-28
amazon,net_income,2021-10-01,2021-12-31,14323000000,True,NetIncomeLoss,2024-02-02
amazon,net_income,2022-01-01,2022-03-31,-3844000000,False,NetIncomeLoss,2023-04-28
amazon,net_income,2022-04-01,2022-06-30,-2028000000,False,NetIncomeLoss,2023-08-04
amazon,net_income,2022-07-01,2022-09-30,2872000000,False,NetIncomeLoss,2023-10-27
amazon,net_income,2022-10-01,2022-12-31,278000000,True,NetIncomeLoss,2025-02-07
amazon,net_income,2023-01-01,2023-03-31,3172000000,False,NetIncomeLoss,2024-05-01
amazon,net_income,2023-04-01,2023-06-30,6750000000,False,NetIncomeLoss,2024-08-02
amazon,net_income,2023-07-01,2023-09-30,9879000000,False,NetIncomeLoss,2024-11-01
amazon,net_income,2023-10-01,2023-12-31,10624000000,True,NetIncomeLoss,2026-02-06
amazon,net_income,2024-01-01,2024-03-31,10431000000,False,NetIncomeLoss,2025-05-02
amazon,net_income,2024-04-01,2024-06-30,13485000000,False,NetIncomeLoss,2025-08-01
amazon,net_income,2024-07-01,2024-09-30,15328000000,False,NetIncomeLoss,2025-10-31
amazon,net_income,2024-10-01,2024-12-31,20004000000,True,NetIncomeLoss,2026-02-06
amazon,net_income,2025-01-01,2025-03-31,17127000000,False,NetIncomeLoss,2026-04-30
amazon,net_income,2025-04-01,2025-06-30,18164000000,False,NetIncomeLoss,2026-07-31
amazon,net_income,2025-07-01,2025-09-30,21187000000,False,NetIncomeLoss,2025-10-31
amazon,net_income,2025-10-01,2025-12-31,21192000000,True,NetIncomeLoss,2026-02-06
amazon,net_income,2026-01-01,2026-03-31,30255000000,False,NetIncomeLoss,2026-04-30
amazon,net_income,2026-04-01,2026-06-30,62647000000,False,NetIncomeLoss,2026-07-31
nvidia,revenue,2014-10-27,2015-01-25,1251000000,False,Revenues,2016-03-17
nvidia,revenue,2015-01-26,2015-04-26,1151000000,False,Revenues,2017-03-01
nvidia,revenue,2015-04-27,2015-07-26,1153000000,False,Revenues,2017-03-01
nvidia,revenue,2015-07-27,2015-10-25,1305000000,False,Revenues,2017-03-01
nvidia,revenue,2015-10-26,2016-01-31,1401000000,False,Revenues,2017-03-01
nvidia,revenue,2016-02-01,2016-05-01,1305000000,False,Revenues,2018-02-28
nvidia,revenue,2016-05-02,2016-07-31,1428000000,False,Revenues,2018-02-28
nvidia,revenue,2016-08-01,2016-10-30,2004000000,False,Revenues,2018-02-28
nvidia,revenue,2016-10-31,2017-01-29,2173000000,False,Revenues,2018-02-28
nvidia,revenue,2017-01-30,2017-04-30,1937000000,False,RevenueFromContractWithCustomerExcludingAssessedTax,2019-02-21
nvidia,revenue,2017-05-01,2017-07-30,2230000000,False,RevenueFromContractWithCustomerExcludingAssessedTax,2019-02-21
nvidia,revenue,2017-07-31,2017-10-29,2636000000,False,RevenueFromContractWithCustomerExcludingAssessedTax,2019-02-21
nvidia,revenue,2017-10-30,2018-01-28,2911000000,False,RevenueFromContractWithCustomerExcludingAssessedTax,2019-02-21
nvidia,revenue,2018-01-29,2018-04-29,3207000000,False,RevenueFromContractWithCustomerExcludingAssessedTax,2020-02-20
nvidia,revenue,2018-04-30,2018-07-29,3123000000,False,RevenueFromContractWithCustomerExcludingAssessedTax,2020-02-20
nvidia,revenue,2018-07-30,2018-10-28,3181000000,False,RevenueFromContractWithCustomerExcludingAssessedTax,2020-02-20
nvidia,revenue,2018-10-29,2019-01-27,2205000000,False,RevenueFromContractWithCustomerExcludingAssessedTax,2020-02-20
nvidia,revenue,2019-01-28,2019-04-28,2220000000,False,Revenues,2020-05-21
nvidia,revenue,2019-04-29,2019-07-28,2579000000,False,Revenues,2020-08-19
nvidia,revenue,2019-07-29,2019-10-27,3014000000,False,Revenues,2020-11-18
nvidia,revenue,2019-10-28,2020-01-26,3105000000,False,RevenueFromContractWithCustomerExcludingAssessedTax,2020-02-20
nvidia,revenue,2020-01-27,2020-04-26,3080000000,False,Revenues,2021-05-26
nvidia,revenue,2020-04-27,2020-07-26,3866000000,False,Revenues,2021-08-20
nvidia,revenue,2020-07-27,2020-10-25,4726000000,False,Revenues,2021-11-22
nvidia,revenue,2020-10-26,2021-01-31,5003000000,True,Revenues,2023-02-24
nvidia,revenue,2021-02-01,2021-05-02,5661000000,False,Revenues,2022-05-27
nvidia,revenue,2021-05-03,2021-08-01,6507000000,False,Revenues,2022-08-31
nvidia,revenue,2021-08-02,2021-10-31,7103000000,False,Revenues,2022-11-18
nvidia,revenue,2021-11-01,2022-01-30,7643000000,True,Revenues,2024-02-21
nvidia,revenue,2022-01-31,2022-05-01,8288000000,False,Revenues,2023-05-26
nvidia,revenue,2022-05-02,2022-07-31,6704000000,False,Revenues,2023-08-28
nvidia,revenue,2022-08-01,2022-10-30,5931000000,False,Revenues,2023-11-21
nvidia,revenue,2022-10-31,2023-01-29,6051000000,True,Revenues,2025-02-26
nvidia,revenue,2023-01-30,2023-04-30,7192000000,False,Revenues,2024-05-29
nvidia,revenue,2023-05-01,2023-07-30,13507000000,False,Revenues,2024-08-28
nvidia,revenue,2023-07-31,2023-10-29,18120000000,False,Revenues,2024-11-20
nvidia,revenue,2023-10-30,2024-01-28,22103000000,True,Revenues,2026-02-25
nvidia,revenue,2024-01-29,2024-04-28,26044000000,False,Revenues,2025-05-28
nvidia,revenue,2024-04-29,2024-07-28,30040000000,False,Revenues,2025-08-27
nvidia,revenue,2024-07-29,2024-10-27,35082000000,False,Revenues,2025-11-19
nvidia,revenue,2024-10-28,2025-01-26,39331000000,True,Revenues,2026-02-25
nvidia,revenue,2025-01-27,2025-04-27,44062000000,False,Revenues,2026-05-20
nvidia,revenue,2025-04-28,2025-07-27,46743000000,False,Revenues,2026-08-26
nvidia,revenue,2025-07-28,2025-10-26,57006000000,False,Revenues,2025-11-19
nvidia,revenue,2025-10-27,2026-01-25,68127000000,True,Revenues,2026-02-25
nvidia,revenue,2026-01-26,2026-04-26,81615000000,False,Revenues,2026-05-20
nvidia,revenue,2026-04-27,2026-07-26,96221000000,False,Revenues,2026-08-26
nvidia,operating_income,2014-10-27,2015-01-25,231000000,True,OperatingIncomeLoss,2017-03-01
nvidia,operating_income,2015-01-26,2015-04-26,176000000,False,OperatingIncomeLoss,2016-05-25
nvidia,operating_income,2015-04-27,2015-07-26,76000000,False,OperatingIncomeLoss,2016-08-23
nvidia,operating_income,2015-07-27,2015-10-25,245000000,False,OperatingIncomeLoss,2016-11-22
nvidia,operating_income,2015-10-26,2016-01-31,252000000,True,OperatingIncomeLoss,2018-02-28
nvidia,operating_income,2016-02-01,2016-05-01,245000000,False,OperatingIncomeLoss,2017-05-23
nvidia,operating_income,2016-05-02,2016-07-31,317000000,False,OperatingIncomeLoss,2017-08-23
nvidia,operating_income,2016-08-01,2016-10-30,639000000,False,OperatingIncomeLoss,2017-11-21
nvidia,operating_income,2016-10-31,2017-01-29,733000000,True,OperatingIncomeLoss,2019-02-21
nvidia,operating_income,2017-01-30,2017-04-30,554000000,False,OperatingIncomeLoss,2018-05-22
nvidia,operating_income,2017-05-01,2017-07-30,688000000,False,OperatingIncomeLoss,2018-08-16
nvidia,operating_income,2017-07-31,2017-10-29,895000000,False,OperatingIncomeLoss,2018-11-15
nvidia,operating_income,2017-10-30,2018-01-28,1073000000,True,OperatingIncomeLoss,2020-02-20
nvidia,operating_income,2018-01-29,2018-04-29,1295000000,False,OperatingIncomeLoss,2019-05-16
nvidia,operating_income,2018-04-30,2018-07-29,1157000000,False,OperatingIncomeLoss,2019-08-15
nvidia,operating_income,2018-07-30,2018-10-28,1058000000,False,OperatingIncomeLoss,2019-11-14
nvidia,operating_income,2018-10-29,2019-01-27,294000000,True,OperatingIncomeLoss,2021-02-26
nvidia,operating_income,2019-01-28,2019-04-28,358000000,False,OperatingIncomeLoss,2020-05-21
nvidia,operating_income,2019-04-29,2019-07-28,571000000,False,OperatingIncomeLoss,2020-08-19
nvidia,operating_income,2019-07-29,2019-10-27,927000000,False,OperatingIncomeLoss,2020-11-18
nvidia,operating_income,2019-10-28,2020-01-26,990000000,True,OperatingIncomeLoss,2022-03-18
nvidia,operating_income,2020-01-27,2020-04-26,976000000,False,OperatingIncomeLoss,2021-05-26
nvidia,operating_income,2020-04-27,2020-07-26,651000000,False,OperatingIncomeLoss,2021-08-20
nvidia,operating_income,2020-07-27,2020-10-25,1398000000,False,OperatingIncomeLoss,2021-11-22
nvidia,operating_income,2020-10-26,2021-01-31,1507000000,True,OperatingIncomeLoss,2023-02-24
nvidia,operating_income,2021-02-01,2021-05-02,1956000000,False,OperatingIncomeLoss,2022-05-27
nvidia,operating_income,2021-05-03,2021-08-01,2444000000,False,OperatingIncomeLoss,2022-08-31
nvidia,operating_income,2021-08-02,2021-10-31,2671000000,False,OperatingIncomeLoss,2022-11-18
nvidia,operating_income,2021-11-01,2022-01-30,2970000000,True,OperatingIncomeLoss,2024-02-21
nvidia,operating_income,2022-01-31,2022-05-01,1868000000,False,OperatingIncomeLoss,2023-05-26
nvidia,operating_income,2022-05-02,2022-07-31,499000000,False,OperatingIncomeLoss,2023-08-28
nvidia,operating_income,2022-08-01,2022-10-30,601000000,False,OperatingIncomeLoss,2023-11-21
nvidia,operating_income,2022-10-31,2023-01-29,1256000000,True,OperatingIncomeLoss,2025-02-26
nvidia,operating_income,2023-01-30,2023-04-30,2140000000,False,OperatingIncomeLoss,2024-05-29
nvidia,operating_income,2023-05-01,2023-07-30,6800000000,False,OperatingIncomeLoss,2024-08-28
nvidia,operating_income,2023-07-31,2023-10-29,10417000000,False,OperatingIncomeLoss,2024-11-20
nvidia,operating_income,2023-10-30,2024-01-28,13614000000,True,OperatingIncomeLoss,2026-02-25
nvidia,operating_income,2024-01-29,2024-04-28,16909000000,False,OperatingIncomeLoss,2025-05-28
nvidia,operating_income,2024-04-29,2024-07-28,18642000000,False,OperatingIncomeLoss,2025-08-27
nvidia,operating_income,2024-07-29,2024-10-27,21869000000,False,OperatingIncomeLoss,2025-11-19
nvidia,operating_income,2024-10-28,2025-01-26,24034000000,True,OperatingIncomeLoss,2026-02-25
nvidia,operating_income,2025-01-27,2025-04-27,21638000000,False,OperatingIncomeLoss,2026-05-20
nvidia,operating_income,2025-04-28,2025-07-27,28440000000,False,OperatingIncomeLoss,2026-08-26
nvidia,operating_income,2025-07-28,2025-10-26,36010000000,False,OperatingIncomeLoss,2025-11-19
nvidia,operating_income,2025-10-27,2026-01-25,44299000000,True,OperatingIncomeLoss,2026-02-25
nvidia,operating_income,2026-01-26,2026-04-26,53536000000,False,OperatingIncomeLoss,2026-05-20
nvidia,operating_income,2026-04-27,2026-07-26,63734000000,False,OperatingIncomeLoss,2026-08-26
nvidia,net_income,2014-10-27,2015-01-25,193000000,False,NetIncomeLoss,2016-03-17
nvidia,net_income,2015-01-26,2015-04-26,134000000,False,NetIncomeLoss,2017-03-01
nvidia,net_income,2015-04-27,2015-07-26,26000000,False,NetIncomeLoss,2017-03-01
nvidia,net_income,2015-07-27,2015-10-25,247000000,False,NetIncomeLoss,2017-03-01
nvidia,net_income,2015-10-26,2016-01-31,207000000,False,NetIncomeLoss,2017-03-01
nvidia,net_income,2016-02-01,2016-05-01,208000000,False,NetIncomeLoss,2018-02-28
nvidia,net_income,2016-05-02,2016-07-31,261000000,False,NetIncomeLoss,2018-02-28
nvidia,net_income,2016-08-01,2016-10-30,542000000,False,NetIncomeLoss,2018-02-28
nvidia,net_income,2016-10-31,2017-01-29,655000000,False,NetIncomeLoss,2018-02-28
nvidia,net_income,2017-01-30,2017-04-30,507000000,False,NetIncomeLoss,2019-02-21
nvidia,net_income,2017-05-01,2017-07-30,583000000,False,NetIncomeLoss,2019-02-21
nvidia,net_income,2017-07-31,2017-10-29,838000000,False,NetIncomeLoss,2019-02-21
nvidia,net_income,2017-10-30,2018-01-28,1118000000,False,NetIncomeLoss,2019-02-21
nvidia,net_income,2018-01-29,2018-04-29,1244000000,False,NetIncomeLoss,2020-02-20
nvidia,net_income,2018-04-30,2018-07-29,1101000000,False,NetIncomeLoss,2020-02-20
nvidia,net_income,2018-07-30,2018-10-28,1230000000,False,NetIncomeLoss,2020-02-20
nvidia,net_income,2018-10-29,2019-01-27,567000000,False,NetIncomeLoss,2020-02-20
nvidia,net_income,2019-01-28,2019-04-28,394000000,False,NetIncomeLoss,2020-05-21
nvidia,net_income,2019-04-29,2019-07-28,552000000,False,NetIncomeLoss,2020-08-19
nvidia,net_income,2019-07-29,2019-10-27,899000000,False,NetIncomeLoss,2020-11-18
nvidia,net_income,2019-10-28,2020-01-26,950000000,False,NetIncomeLoss,2020-02-20
nvidia,net_income,2020-01-27,2020-04-26,917000000,False,NetIncomeLoss,2021-05-26
nvidia,net_income,2020-04-27,2020-07-26,622000000,False,NetIncomeLoss,2021-08-20
nvidia,net_income,2020-07-27,2020-10-25,1336000000,False,NetIncomeLoss,2021-11-22
nvidia,net_income,2020-10-26,2021-01-31,1457000000,True,NetIncomeLoss,2023-02-24
nvidia,net_income,2021-02-01,2021-05-02,1912000000,False,NetIncomeLoss,2022-05-27
nvidia,net_income,2021-05-03,2021-08-01,2374000000,False,NetIncomeLoss,2022-08-31
nvidia,net_income,2021-08-02,2021-10-31,2464000000,False,NetIncomeLoss,2022-11-18
nvidia,net_income,2021-11-01,2022-01-30,3003000000,True,NetIncomeLoss,2024-02-21
nvidia,net_income,2022-01-31,2022-05-01,1618000000,False,NetIncomeLoss,2023-05-26
nvidia,net_income,2022-05-02,2022-07-31,656000000,False,NetIncomeLoss,2023-08-28
nvidia,net_income,2022-08-01,2022-10-30,680000000,False,NetIncomeLoss,2023-11-21
nvidia,net_income,2022-10-31,2023-01-29,1414000000,True,NetIncomeLoss,2025-02-26
nvidia,net_income,2023-01-30,2023-04-30,2043000000,False,NetIncomeLoss,2024-05-29
nvidia,net_income,2023-05-01,2023-07-30,6188000000,False,NetIncomeLoss,2024-08-28
nvidia,net_income,2023-07-31,2023-10-29,9243000000,False,NetIncomeLoss,2024-11-20
nvidia,net_income,2023-10-30,2024-01-28,12285000000,True,NetIncomeLoss,2026-02-25
nvidia,net_income,2024-01-29,2024-04-28,14881000000,False,NetIncomeLoss,2025-05-28
nvidia,net_income,2024-04-29,2024-07-28,16599000000,False,NetIncomeLoss,2025-08-27
nvidia,net_income,2024-07-29,2024-10-27,19309000000,False,NetIncomeLoss,2025-11-19
nvidia,net_income,2024-10-28,2025-01-26,22091000000,True,NetIncomeLoss,2026-02-25
nvidia,net_income,2025-01-27,2025-04-27,18775000000,False,NetIncomeLoss,2026-05-20
nvidia,net_income,2025-04-28,2025-07-27,26422000000,False,NetIncomeLoss,2026-08-26
nvidia,net_income,2025-07-28,2025-10-26,31910000000,False,NetIncomeLoss,2025-11-19
nvidia,net_income,2025-10-27,2026-01-25,42960000000,True,NetIncomeLoss,2026-02-25
nvidia,net_income,2026-01-26,2026-04-26,58321000000,False,NetIncomeLoss,2026-05-20
nvidia,net_income,2026-04-27,2026-07-26,59688000000,False,NetIncomeLoss,2026-08-26
